email;password;nimed;kasutajanimed
caprice.liebermann@hkhk.edu.ee;Lim88;Caprice  Liebermann;cliebermann
winifield.legon@hkhk.edu.ee;eoo97;Winifield  Legon;wlegon
josias.fetherby@hkhk.edu.ee;htF80;Josias  Fetherby;jfetherby
ronny.gravenell@hkhk.edu.ee;aGl12;Ronny  Gravenell;rgravenell
kaitlin.clapson@hkhk.edu.ee;nos13;Kaitlin  Clapson;kclapson
malachi.pentony@hkhk.edu.ee;ntt81;Malachi  Pentony;mpentony
pearle.harryman@hkhk.edu.ee;rya45;Pearle  Harryman;pharryman
kyle.marrion@hkhk.edu.ee;ira81;Kyle  Marrion;kmarrion
howey.stiles@hkhk.edu.ee;ill42;Howey  Stiles;hstiles
elna.codman@hkhk.edu.ee;nom50;Elna  Codman;ecodman
dian.bartoli@hkhk.edu.ee;ita19;Dian  Bartoli;dbartoli
marvin.saladino@hkhk.edu.ee;laa42;Marvin  Saladino;msaladino
garrek.abeau@hkhk.edu.ee;aae48;Garrek  Abeau;gabeau
willetta.walhedd@hkhk.edu.ee;ddh28;Willetta  Walhedd;wwalhedd
dionysus.dedenham@hkhk.edu.ee;emd75;Dionysus  Dedenham;ddedenham
teodoor.boothby@hkhk.edu.ee;hoy15;Teodoor  Boothby;tboothby
ikey.cuttle@hkhk.edu.ee;ule64;Ikey  Cuttle;icuttle
jabez.betteridge@hkhk.edu.ee;deg59;Jabez  Betteridge;jbetteridge
melesa.peirpoint@hkhk.edu.ee;iie70;Melesa  Peirpoint;mpeirpoint
clemmy.ivanchin@hkhk.edu.ee;ihh68;Clemmy  Ivanchin;civanchin
frasco.reddish@hkhk.edu.ee;ihi73;Frasco  Reddish;freddish
alicea.terne@hkhk.edu.ee;nre89;Alicea  Terne;aterne
kyle.whiteford@hkhk.edu.ee;otW93;Kyle  Whiteford;kwhiteford
torrin.ehlerding@hkhk.edu.ee;heg35;Torrin  Ehlerding;tehlerding
penelopa.fidell@hkhk.edu.ee;ill82;Penelopa  Fidell;pfidell
alexina.hastilow@hkhk.edu.ee;saH50;Alexina  Hastilow;ahastilow
kordula.whyteman@hkhk.edu.ee;tWy22;Kordula  Whyteman;kwhyteman
teodora.bendall@hkhk.edu.ee;ela52;Teodora  Bendall;tbendall
nicky.jarrelt@hkhk.edu.ee;aJa40;Nicky  Jarrelt;njarrelt
bucky.newman@hkhk.edu.ee;naN50;Bucky  Newman;bnewman
kandace.rance@hkhk.edu.ee;Raa20;Kandace  Rance;krance
gayla.stigell@hkhk.edu.ee;lll31;Gayla  Stigell;gstigell
candra.grenshiels@hkhk.edu.ee;rhi89;Candra  Grenshiels;cgrenshiels
gwenore.chidzoy@hkhk.edu.ee;idd72;Gwenore  Chidzoy;gchidzoy
luise.fairman@hkhk.edu.ee;ari61;Luise  Fairman;lfairman
phillipp.essberger@hkhk.edu.ee;rbg13;Phillipp  Essberger;pessberger
darlleen.dranfield@hkhk.edu.ee;ird36;Darlleen  Dranfield;ddranfield
creighton.ruppert@hkhk.edu.ee;ttt66;Creighton  Ruppert;cruppert
juan.gillicuddy@hkhk.edu.ee;cdi28;Juan  Gillicuddy;jgillicuddy
renaud.rauprich@hkhk.edu.ee;rac70;Renaud  Rauprich;rrauprich
barnie.syson@hkhk.edu.ee;yns94;Barnie  Syson;bsyson
aggie.starrs@hkhk.edu.ee;ast79;Aggie  Starrs;astarrs
mollee.hensmans@hkhk.edu.ee;ses52;Mollee  Hensmans;mhensmans
kakalina.hawker@hkhk.edu.ee;eaa29;Kakalina  Hawker;khawker
jessalyn.yuille@hkhk.edu.ee;eel39;Jessalyn  Yuille;jyuille
johannes.matushenko@hkhk.edu.ee;nte91;Johannes  Matushenko;jmatushenko
emelita.fairholme@hkhk.edu.ee;ole79;Emelita  Fairholme;efairholme
hulda.kineton@hkhk.edu.ee;tKn90;Hulda  Kineton;hkineton
celka.grog@hkhk.edu.ee;oro97;Celka  Grog;cgrog
gil.brounsell@hkhk.edu.ee;ens42;Gil  Brounsell;gbrounsell
bill.willeman@hkhk.edu.ee;mam35;Bill  Willeman;bwilleman
gustavus.labbett@hkhk.edu.ee;bta70;Gustavus  Labbett;glabbett
arley.mactrustrie@hkhk.edu.ee;irt18;Arley  MacTrustrie;amactrustrie
rogerio.di frisco@hkhk.edu.ee;cFc23;Rogerio  Di Frisco;rdi frisco
dredi.kenryd@hkhk.edu.ee;dKd50;Dredi  Kenryd;dkenryd
chrystal.haskey@hkhk.edu.ee;sak20;Chrystal  Haskey;chaskey
colene.tryhorn@hkhk.edu.ee;Tyy48;Colene  Tryhorn;ctryhorn
leontine.scamadin@hkhk.edu.ee;Sii35;Leontine  Scamadin;lscamadin
karin.kingscote@hkhk.edu.ee;eit18;Karin  Kingscote;kkingscote
carena.ewan@hkhk.edu.ee;Eww58;Carena  Ewan;cewan
glynis.gash@hkhk.edu.ee;Gaa57;Glynis  Gash;ggash
margalit.bog@hkhk.edu.ee;oBg44;Margalit  Bog;mbog
hunfredo.niblett@hkhk.edu.ee;ebt42;Hunfredo  Niblett;hniblett
maison.koeppe@hkhk.edu.ee;pee92;Maison  Koeppe;mkoeppe
winfield.mcdonogh@hkhk.edu.ee;MDM57;Winfield  McDonogh;wmcdonogh
averil.bellenger@hkhk.edu.ee;enl17;Averil  Bellenger;abellenger
lane.fishby@hkhk.edu.ee;shF44;Lane  Fishby;lfishby
ursala.de la salle@hkhk.edu.ee;D e60;Ursala  De La Salle;ude la salle
lela.utteridge@hkhk.edu.ee;gtg97;Lela  Utteridge;lutteridge
ingelbert.barkly@hkhk.edu.ee;kky15;Ingelbert  Barkly;ibarkly
bo.canto@hkhk.edu.ee;ntn80;Bo  Canto;bcanto
axe.mattioli@hkhk.edu.ee;Mio61;Axe  Mattioli;amattioli
bud.ratnage@hkhk.edu.ee;tnn83;Bud  Ratnage;bratnage
gerhardt.tredgold@hkhk.edu.ee;old22;Gerhardt  Tredgold;gtredgold
thaxter.macvanamy@hkhk.edu.ee;nVm11;Thaxter  MacVanamy;tmacvanamy
joelynn.fishbourne@hkhk.edu.ee;buo71;Joelynn  Fishbourne;jfishbourne
meryl.bru@hkhk.edu.ee;rBu82;Meryl  Bru;mbru
emery.woodruffe@hkhk.edu.ee;Wed88;Emery  Woodruffe;ewoodruffe
germana.guterson@hkhk.edu.ee;enr54;Germana  Guterson;gguterson
silvester.keers@hkhk.edu.ee;esr82;Silvester  Keers;skeers
dacy.harmar@hkhk.edu.ee;arr45;Dacy  Harmar;dharmar
rutledge.redgewell@hkhk.edu.ee;wgl50;Rutledge  Redgewell;rredgewell
isabelle.hugle@hkhk.edu.ee;llg40;Isabelle  Hugle;ihugle
ileane.lothean@hkhk.edu.ee;ntn42;Ileane  Lothean;ilothean
ardith.arnaut@hkhk.edu.ee;nAa60;Ardith  Arnaut;aarnaut
pietro.davidovici@hkhk.edu.ee;ido58;Pietro  Davidovici;pdavidovici
kristen.shales@hkhk.edu.ee;aSl56;Kristen  Shales;kshales
court.klimmek@hkhk.edu.ee;iml30;Court  Klimmek;cklimmek
chelsea.shedden@hkhk.edu.ee;eeS48;Chelsea  Shedden;cshedden
jamie.tenney@hkhk.edu.ee;enn50;Jamie  Tenney;jtenney
jeni.gasparro@hkhk.edu.ee;rps43;Jeni  Gasparro;jgasparro
willdon.mallabund@hkhk.edu.ee;nbM40;Willdon  Mallabund;wmallabund
ross.algy@hkhk.edu.ee;lly95;Ross  Algy;ralgy
inigo.diperaus@hkhk.edu.ee;euu93;Inigo  Diperaus;idiperaus
mabelle.ellicott@hkhk.edu.ee;lic55;Mabelle  Ellicott;mellicott
forrester.loade@hkhk.edu.ee;doa90;Forrester  Loade;floade
natalya.wood@hkhk.edu.ee;odo86;Natalya  Wood;nwood
ede.mcquarter@hkhk.edu.ee;auc54;Ede  McQuarter;emcquarter
kalie.bomb@hkhk.edu.ee;oBB12;Kalie  Bomb;kbomb
fairfax.wonfor@hkhk.edu.ee;rof90;Fairfax  Wonfor;fwonfor
